,test_accuracy,test_balanced_accuracy,test_f1,test_precision,test_recall,ds,iteration,alg,leak,perc
0,0.5455,0.5423044615066855,0.534896166617693,0.537093890204331,0.5423044615066855,mnist,0,KNN,True,1
1,0.5594285714285714,0.5559462543939451,0.5496501092924454,0.5521182448203462,0.5559462543939451,mnist,0,KNN,False,1
2,0.5475714285714286,0.5407070075520848,0.532718386859028,0.533632484199095,0.5407070075520848,mnist,1,KNN,True,1
3,0.5457142857142857,0.5387685644509125,0.5307348031934882,0.5321122215899405,0.5387685644509125,mnist,1,KNN,False,1
4,0.5462857142857143,0.5401961210989065,0.5324853142890122,0.5339749418211713,0.5401961210989065,mnist,2,KNN,True,1
5,0.5462857142857143,0.5401961210989065,0.5324853142890122,0.5339749418211713,0.5401961210989065,mnist,2,KNN,False,1
6,0.544,0.5368442485638565,0.5309040458155965,0.5327452655159932,0.5368442485638565,mnist,3,KNN,True,1
7,0.544,0.5368442485638565,0.5309040458155965,0.5327452655159932,0.5368442485638565,mnist,3,KNN,False,1
8,0.5417142857142857,0.5346251778241509,0.526988490578773,0.5289890752364383,0.5346251778241509,mnist,4,KNN,True,1
9,0.5417142857142857,0.5346251778241509,0.526988490578773,0.5289890752364383,0.5346251778241509,mnist,4,KNN,False,1
10,0.5504285714285714,0.5461269223099561,0.5383562583620981,0.5395150321750679,0.5461269223099561,mnist,5,KNN,True,1
11,0.567,0.5629567929697162,0.5566147005670994,0.5590267712159182,0.5629567929697162,mnist,5,KNN,False,1
12,0.8081428571428572,0.8065688212967096,0.8057555518319719,0.8070603737677751,0.8065688212967096,mnist,0,KNN,True,5
13,0.8058571428571428,0.8043446177239721,0.8034756239747434,0.8044504086191399,0.8043446177239721,mnist,0,KNN,False,5
14,0.8135,0.809443601612706,0.8091565035601598,0.8104606203701854,0.809443601612706,mnist,1,KNN,True,5
15,0.8122142857142857,0.8081713468234828,0.8078345210146802,0.8091307388968882,0.8081713468234828,mnist,1,KNN,False,5
16,0.8127142857142857,0.8098870406300287,0.8092497846756386,0.8102203855092729,0.8098870406300287,mnist,2,KNN,True,5
17,0.8117857142857143,0.8088417958766382,0.8082173428300866,0.8091452678130151,0.8088417958766382,mnist,2,KNN,False,5
18,0.8183571428571429,0.8150134168852257,0.8148675998160266,0.81635985439772,0.8150134168852257,mnist,3,KNN,True,5
19,0.8140714285714286,0.81043716619567,0.8103262032611541,0.8118961351426046,0.81043716619567,mnist,3,KNN,False,5
20,0.8202857142857143,0.8164881759624528,0.8160501620078937,0.8171424305992646,0.8164881759624528,mnist,4,KNN,True,5
21,0.8200714285714286,0.816249916527628,0.8158255529140831,0.8168763794146023,0.816249916527628,mnist,4,KNN,False,5
22,0.8157142857142857,0.8131484518473584,0.8126204933462551,0.8136496494535705,0.8131484518473584,mnist,5,KNN,True,5
23,0.8136428571428571,0.8108790317931872,0.810311293148037,0.8117128301873164,0.8108790317931872,mnist,5,KNN,False,5
24,0.884,0.8826979742020107,0.8827154479568419,0.8841952839715695,0.8826979742020107,mnist,0,KNN,True,10
25,0.884,0.8826979742020107,0.8827154479568419,0.8841952839715695,0.8826979742020107,mnist,0,KNN,False,10
26,0.8859285714285714,0.8829448155361256,0.8833360420773211,0.8847183293523282,0.8829448155361256,mnist,1,KNN,True,10
27,0.8859285714285714,0.8829448155361256,0.8833360420773211,0.8847183293523282,0.8829448155361256,mnist,1,KNN,False,10
28,0.8858571428571429,0.8836620661395294,0.8838660627512558,0.8857261754192898,0.8836620661395294,mnist,2,KNN,True,10
29,0.8858571428571429,0.8836620661395294,0.8838660627512558,0.8857261754192898,0.8836620661395294,mnist,2,KNN,False,10
30,0.8855714285714286,0.882815711528921,0.8831640665094429,0.8851024628124617,0.882815711528921,mnist,3,KNN,True,10
31,0.8855714285714286,0.882815711528921,0.8831640665094429,0.8851024628124617,0.882815711528921,mnist,3,KNN,False,10
32,0.8891428571428571,0.8858972838095756,0.8863859024688395,0.8888196327604414,0.8858972838095756,mnist,4,KNN,True,10
33,0.8891428571428571,0.8858972838095756,0.8863859024688395,0.8888196327604414,0.8858972838095756,mnist,4,KNN,False,10
34,0.8857142857142857,0.8830936809763005,0.8834094804271324,0.8853031837140859,0.8830936809763005,mnist,5,KNN,True,10
35,0.8839285714285714,0.8812433833416143,0.8813614543052104,0.8828931797642545,0.8812433833416143,mnist,5,KNN,False,10
36,0.9433571428571429,0.9428931308546001,0.9432199206536364,0.9440993982932809,0.9428931308546001,mnist,0,KNN,True,20
37,0.9447142857142857,0.9442725149851829,0.9445690331799181,0.9454026535706628,0.9442725149851829,mnist,0,KNN,False,20
38,0.9462857142857143,0.9451784696433865,0.9455755237195094,0.9462960610339225,0.9451784696433865,mnist,1,KNN,True,20
39,0.9462142857142857,0.9450502015508947,0.9455071837215725,0.9463712552436887,0.9450502015508947,mnist,1,KNN,False,20
40,0.9451428571428572,0.9444202762671532,0.9447391381330172,0.9455543105126566,0.9444202762671532,mnist,2,KNN,True,20
41,0.9451428571428572,0.9444202762671532,0.9447391381330172,0.9455543105126566,0.9444202762671532,mnist,2,KNN,False,20
42,0.944,0.9428463531053136,0.9433410039191441,0.9444372043118043,0.9428463531053136,mnist,3,KNN,True,20
43,0.944,0.9428463531053136,0.9433410039191441,0.9444372043118043,0.9428463531053136,mnist,3,KNN,False,20
44,0.9498571428571428,0.9486892360350275,0.9491818593689562,0.9501009856532695,0.9486892360350275,mnist,4,KNN,True,20
45,0.9482142857142857,0.9469894911052735,0.9475096675004215,0.948554487239335,0.9469894911052735,mnist,4,KNN,False,20
46,0.9481428571428572,0.9470038663069058,0.9475331875730669,0.9487339012699267,0.9470038663069058,mnist,5,KNN,True,20
47,0.9481428571428572,0.9470038663069058,0.9475331875730669,0.9487339012699267,0.9470038663069058,mnist,5,KNN,False,20
48,0.5064285714285715,0.5026512431895596,0.4834323194160876,0.4843147098657455,0.5026512431895596,mnist,0,LR,True,1
49,0.5181428571428571,0.5138409576925084,0.49694145312559534,0.4980910831472808,0.5138409576925084,mnist,0,LR,False,1
50,0.5192857142857142,0.5110981623125455,0.4952395426418608,0.4948276195802454,0.5110981623125455,mnist,1,LR,True,1
51,0.5212857142857142,0.5128394422702528,0.49868121380905456,0.4985814504706513,0.5128394422702528,mnist,1,LR,False,1
52,0.5157142857142857,0.5078329583871157,0.49155759244863895,0.49237156102944135,0.5078329583871157,mnist,2,LR,True,1
53,0.5157142857142857,0.5078329583871157,0.49155759244863895,0.49237156102944135,0.5078329583871157,mnist,2,LR,False,1
54,0.5195714285714286,0.5103329896751274,0.49605379400129,0.4968203966704179,0.5103329896751274,mnist,3,LR,True,1
55,0.5195714285714286,0.5103329896751274,0.49605379400129,0.4968203966704179,0.5103329896751274,mnist,3,LR,False,1
56,0.5205,0.5120697915867927,0.4953329558080223,0.49567910485004046,0.5120697915867927,mnist,4,LR,True,1
57,0.5205,0.5120697915867927,0.4953329558080223,0.49567910485004046,0.5120697915867927,mnist,4,LR,False,1
58,0.5205,0.5155584130245539,0.49709214593330575,0.497224959732869,0.5155584130245539,mnist,5,LR,True,1
59,0.5249285714285714,0.5195352717573942,0.5029543736842086,0.5032270570901913,0.5195352717573942,mnist,5,LR,False,1
60,0.7177142857142857,0.7155117692489151,0.7125176577318512,0.7136958419914705,0.7155117692489151,mnist,0,LR,True,5
61,0.7156428571428571,0.7133484031427602,0.7102935384177107,0.7117445058382059,0.7133484031427602,mnist,0,LR,False,5
62,0.7275714285714285,0.7222822574179062,0.7203956781560978,0.721142139733655,0.7222822574179062,mnist,1,LR,True,5
63,0.724,0.7186136474493385,0.7168940241916599,0.7175142128525163,0.7186136474493385,mnist,1,LR,False,5
64,0.7204285714285714,0.7156792325562418,0.7139389192151728,0.7155370845681255,0.7156792325562418,mnist,2,LR,True,5
65,0.7215,0.716753868520908,0.71513557942397,0.7166260486350587,0.716753868520908,mnist,2,LR,False,5
66,0.7195714285714285,0.7139954526332043,0.712846857574166,0.7143317173288455,0.7139954526332043,mnist,3,LR,True,5
67,0.7171428571428572,0.711526480507979,0.7103387288583312,0.7117853990786125,0.711526480507979,mnist,3,LR,False,5
68,0.7307857142857143,0.7253041054432924,0.7235691941609489,0.7253222033698976,0.7253041054432924,mnist,4,LR,True,5
69,0.7286428571428571,0.7230989471324231,0.7214186378328006,0.7231819761619526,0.7230989471324231,mnist,4,LR,False,5
70,0.723,0.7193736099066507,0.7171726964709652,0.7182221591431788,0.7193736099066507,mnist,5,LR,True,5
71,0.7206428571428571,0.7170153339208902,0.7147605331927933,0.7159978836224602,0.7170153339208902,mnist,5,LR,False,5
72,0.7984285714285714,0.7969908699939942,0.79660218443148,0.7973291086644582,0.7969908699939942,mnist,0,LR,True,10
73,0.7984285714285714,0.7969908699939942,0.79660218443148,0.7973291086644582,0.7969908699939942,mnist,0,LR,False,10
74,0.8036428571428571,0.7998511143491414,0.7998522895698754,0.8005295458902533,0.7998511143491414,mnist,1,LR,True,10
75,0.8036428571428571,0.7998511143491414,0.7998522895698754,0.8005295458902533,0.7998511143491414,mnist,1,LR,False,10
76,0.7983571428571429,0.7950992230075313,0.7950909399035513,0.796576114564075,0.7950992230075313,mnist,2,LR,True,10
77,0.7983571428571429,0.7950992230075313,0.7950909399035513,0.796576114564075,0.7950992230075313,mnist,2,LR,False,10
78,0.8006428571428571,0.7972128135840052,0.7975447099547557,0.798840312840033,0.7972128135840052,mnist,3,LR,True,10
79,0.8006428571428571,0.7972128135840052,0.7975447099547557,0.798840312840033,0.7972128135840052,mnist,3,LR,False,10
80,0.8069285714285714,0.8031246083509747,0.803003483816863,0.8039890807538006,0.8031246083509747,mnist,4,LR,True,10
81,0.8069285714285714,0.8031246083509747,0.803003483816863,0.8039890807538006,0.8031246083509747,mnist,4,LR,False,10
82,0.8041428571428572,0.801279242415502,0.8010102986984056,0.8017101541844728,0.801279242415502,mnist,5,LR,True,10
83,0.8010714285714285,0.7980743208101455,0.7977034096851,0.7984294807741923,0.7980743208101455,mnist,5,LR,False,10
84,0.8722142857142857,0.8713881917690157,0.8711888384961,0.871583324666045,0.8713881917690157,mnist,0,LR,True,20
85,0.8734285714285714,0.8725989873327604,0.8723696407852352,0.8727182837283836,0.8725989873327604,mnist,0,LR,False,20
86,0.8787857142857143,0.8766923470243382,0.8764754585391297,0.8768299318715688,0.8766923470243382,mnist,1,LR,True,20
87,0.8758571428571429,0.8737008429919889,0.8735714248821566,0.8739171250766006,0.8737008429919889,mnist,1,LR,False,20
88,0.8760714285714286,0.8741885415211945,0.8742742284824198,0.8748518190523578,0.8741885415211945,mnist,2,LR,True,20
89,0.8760714285714286,0.8741885415211945,0.8742742284824198,0.8748518190523578,0.8741885415211945,mnist,2,LR,False,20
90,0.8757857142857143,0.8736354435315491,0.8737753060388936,0.8743108801909921,0.8736354435315491,mnist,3,LR,True,20
91,0.8757857142857143,0.8736354435315491,0.8737753060388936,0.8743108801909921,0.8736354435315491,mnist,3,LR,False,20
92,0.883,0.8808524402344158,0.8807991506689865,0.8811811705069161,0.8808524402344158,mnist,4,LR,True,20
93,0.8832142857142857,0.8810276061280176,0.8810176483054624,0.8814592303603792,0.8810276061280176,mnist,4,LR,False,20
94,0.8793571428571428,0.877969348443092,0.8778283802980955,0.8781005688745884,0.877969348443092,mnist,5,LR,True,20
95,0.8793571428571428,0.877969348443092,0.8778283802980955,0.8781005688745884,0.877969348443092,mnist,5,LR,False,20
96,0.4732857142857143,0.4690007200406777,0.43197498867160566,0.44708359892612715,0.4690007200406777,mnist,0,NB,True,1
97,0.45235714285714285,0.44701185121586845,0.4091702708166923,0.42536498841512155,0.44701185121586845,mnist,0,NB,False,1
98,0.4800714285714286,0.4708045376328746,0.4365399576669701,0.4519247337487343,0.4708045376328746,mnist,1,NB,True,1
99,0.4772857142857143,0.46678081810670974,0.43773795967160867,0.4519548599359207,0.46678081810670974,mnist,1,NB,False,1
100,0.48242857142857143,0.47348820604435743,0.4409640381182469,0.45454377222850884,0.47348820604435743,mnist,2,NB,True,1
101,0.48242857142857143,0.47348820604435743,0.4409640381182469,0.45454377222850884,0.47348820604435743,mnist,2,NB,False,1
102,0.48592857142857143,0.4747262810969077,0.4417644780874982,0.4546885125829009,0.4747262810969077,mnist,3,NB,True,1
103,0.48592857142857143,0.4747262810969077,0.4417644780874982,0.4546885125829009,0.4747262810969077,mnist,3,NB,False,1
104,0.4848571428571429,0.4753424726543617,0.4405648070220072,0.45313601837672923,0.4753424726543617,mnist,4,NB,True,1
105,0.4848571428571429,0.4753424726543617,0.4405648070220072,0.45313601837672923,0.4753424726543617,mnist,4,NB,False,1
106,0.4845,0.4787878116454217,0.4420784508872219,0.4567805026947007,0.4787878116454217,mnist,5,NB,True,1
107,0.46535714285714286,0.4584406488923296,0.4197650060228014,0.439208302245941,0.4584406488923296,mnist,5,NB,False,1
108,0.6210714285714286,0.6159554406883158,0.6077862616866652,0.6290695775906183,0.6159554406883158,mnist,0,NB,True,5
109,0.6152857142857143,0.609960540514141,0.6007242026118377,0.6254563610431008,0.609960540514141,mnist,0,NB,False,5
110,0.6239285714285714,0.614575994196357,0.6080489021086486,0.6297678310916799,0.614575994196357,mnist,1,NB,True,5
111,0.6192857142857143,0.6095577880323747,0.6012309665661211,0.628095210927268,0.6095577880323747,mnist,1,NB,False,5
112,0.6192142857142857,0.6115267703375075,0.6047915655267649,0.6266328081982888,0.6115267703375075,mnist,2,NB,True,5
113,0.6193571428571428,0.6117124486725489,0.6048526862276927,0.6266953025545507,0.6117124486725489,mnist,2,NB,False,5
114,0.6242142857142857,0.6156037966303369,0.6094369561863566,0.6290340274943713,0.6156037966303369,mnist,3,NB,True,5
115,0.6179285714285714,0.6094247506081463,0.6026524665472838,0.6252679594153636,0.6094247506081463,mnist,3,NB,False,5
116,0.6313571428571428,0.6218948993932003,0.6140679912419884,0.6344894792354332,0.6218948993932003,mnist,4,NB,True,5
117,0.6307142857142857,0.6212031120264363,0.6137280538000776,0.6319793046330309,0.6212031120264363,mnist,4,NB,False,5
118,0.6236428571428572,0.6159245714207248,0.6090686292120717,0.6291962306268652,0.6159245714207248,mnist,5,NB,True,5
119,0.6210714285714286,0.6134247858819655,0.6065415565004778,0.6262096188675448,0.6134247858819655,mnist,5,NB,False,5
120,0.6760714285714285,0.6719149288731222,0.6693532779746542,0.6855256865525635,0.6719149288731222,mnist,0,NB,True,10
121,0.6760714285714285,0.6719149288731222,0.6693532779746542,0.6855256865525635,0.6719149288731222,mnist,0,NB,False,10
122,0.6862142857142857,0.6789104887759844,0.6770711154684904,0.6941698991879688,0.6789104887759844,mnist,1,NB,True,10
123,0.6862142857142857,0.6789104887759844,0.6770711154684904,0.6941698991879688,0.6789104887759844,mnist,1,NB,False,10
124,0.6772857142857143,0.6711067134239446,0.6687405058265437,0.6856295708589408,0.6711067134239446,mnist,2,NB,True,10
125,0.6772857142857143,0.6711067134239446,0.6687405058265437,0.6856295708589408,0.6711067134239446,mnist,2,NB,False,10
126,0.6807857142857143,0.6741970625508398,0.6726790128070685,0.6889093432631875,0.6741970625508398,mnist,3,NB,True,10
127,0.6807857142857143,0.6741970625508398,0.6726790128070685,0.6889093432631875,0.6741970625508398,mnist,3,NB,False,10
128,0.6953571428571429,0.6881027180749326,0.6855737288495032,0.7018105361415679,0.6881027180749326,mnist,4,NB,True,10
129,0.6953571428571429,0.6881027180749326,0.6855737288495032,0.7018105361415679,0.6881027180749326,mnist,4,NB,False,10
130,0.6852142857142857,0.6790116743652038,0.6770546637097242,0.6931257696160424,0.6790116743652038,mnist,5,NB,True,10
131,0.6787857142857143,0.6718766548154924,0.6689699567098868,0.6883917337915297,0.6718766548154924,mnist,5,NB,False,10
132,0.7348571428571429,0.7309836799992587,0.7251847036975341,0.7580108197767149,0.7309836799992587,mnist,0,NB,True,20
133,0.7357142857142858,0.7318545522405728,0.7260783477522436,0.7595129245899952,0.7318545522405728,mnist,0,NB,False,20
134,0.7365,0.729662942816826,0.7257015751991122,0.7615497766697765,0.729662942816826,mnist,1,NB,True,20
135,0.7350714285714286,0.7283861719707845,0.7243999796466476,0.7603156267709232,0.7283861719707845,mnist,1,NB,False,20
136,0.7318571428571429,0.7270845788046472,0.7212653205784914,0.7567603579131078,0.7270845788046472,mnist,2,NB,True,20
137,0.7318571428571429,0.7270845788046472,0.7212653205784914,0.7567603579131078,0.7270845788046472,mnist,2,NB,False,20
138,0.7363571428571428,0.7310916506305354,0.7251825038990787,0.7611907507262681,0.7310916506305354,mnist,3,NB,True,20
139,0.7363571428571428,0.7310916506305354,0.7251825038990787,0.7611907507262681,0.7310916506305354,mnist,3,NB,False,20
140,0.747,0.740266469713955,0.7352531167965569,0.7686024988469244,0.740266469713955,mnist,4,NB,True,20
141,0.7473571428571428,0.7406268884144385,0.7355784150647177,0.769077954388418,0.7406268884144385,mnist,4,NB,False,20
142,0.7452142857142857,0.7388965511219646,0.7341844682471292,0.769236227317485,0.7388965511219646,mnist,5,NB,True,20
143,0.7452142857142857,0.7388965511219646,0.7341844682471292,0.769236227317485,0.7388965511219646,mnist,5,NB,False,20
144,0.5005714285714286,0.49738931838237976,0.49459648484541346,0.49256031747375156,0.49738931838237976,mnist,0,DT,True,1
145,0.5126428571428572,0.5097901943831535,0.5071523390045583,0.505448757817428,0.5097901943831535,mnist,0,DT,False,1
146,0.5068571428571429,0.500504349423819,0.498771930485309,0.49757535936307723,0.500504349423819,mnist,1,DT,True,1
147,0.5009285714285714,0.4948868447885405,0.4927760254529786,0.4912900307938314,0.4948868447885405,mnist,1,DT,False,1
148,0.5062142857142857,0.5008466245510913,0.4984593287672999,0.4968152058809913,0.5008466245510913,mnist,2,DT,True,1
149,0.5062142857142857,0.5008466245510913,0.4984593287672999,0.4968152058809913,0.5008466245510913,mnist,2,DT,False,1
150,0.5080714285714286,0.5019331574274407,0.5001503063017702,0.4988551623809653,0.5019331574274407,mnist,3,DT,True,1
151,0.5080714285714286,0.5019331574274407,0.5001503063017702,0.4988551623809653,0.5019331574274407,mnist,3,DT,False,1
152,0.5135714285714286,0.5070595103609749,0.5048627237936111,0.5035480935800646,0.5070595103609749,mnist,4,DT,True,1
153,0.5135714285714286,0.5070595103609749,0.5048627237936111,0.5035480935800646,0.5070595103609749,mnist,4,DT,False,1
154,0.5077857142857143,0.5043063298746391,0.5006463163164031,0.497863903352515,0.5043063298746391,mnist,5,DT,True,1
155,0.5182857142857142,0.5149142934677812,0.5115516987370308,0.5088717953954097,0.5149142934677812,mnist,5,DT,False,1
156,0.724,0.7226545549432168,0.722467391751911,0.7226074532143005,0.7226545549432168,mnist,0,DT,True,5
157,0.7191428571428572,0.7177750459463944,0.7179612628937411,0.7183558962497152,0.7177750459463944,mnist,0,DT,False,5
158,0.7362142857142857,0.7322743545602735,0.7322266245309615,0.7324612789233442,0.7322743545602735,mnist,1,DT,True,5
159,0.7419285714285714,0.7383149011696314,0.7385071454159025,0.7388467960704467,0.7383149011696314,mnist,1,DT,False,5
160,0.7302857142857143,0.7276714614494795,0.7277402340045878,0.7279614346451535,0.7276714614494795,mnist,2,DT,True,5
161,0.7315,0.7289478628150446,0.729035637647576,0.7292608015199413,0.7289478628150446,mnist,2,DT,False,5
162,0.7305,0.7269734809747608,0.7271905056489166,0.7275543570952041,0.7269734809747608,mnist,3,DT,True,5
163,0.739,0.7357528599661092,0.7360114429339029,0.7363826684533953,0.7357528599661092,mnist,3,DT,False,5
164,0.7371428571428571,0.7332118600322655,0.7332450008477813,0.7335167397966211,0.7332118600322655,mnist,4,DT,True,5
165,0.7316428571428572,0.7273898973025484,0.7276370590222876,0.7283268364596375,0.7273898973025484,mnist,4,DT,False,5
166,0.7387857142857143,0.7366227693270077,0.7367967914080602,0.7370818341207266,0.7366227693270077,mnist,5,DT,True,5
167,0.7364285714285714,0.7341830931337885,0.7343445671675896,0.7347289271977449,0.7341830931337885,mnist,5,DT,False,5
168,0.7866428571428571,0.7852160724961694,0.7852699567213416,0.7854960417375433,0.7852160724961694,mnist,0,DT,True,10
169,0.7866428571428571,0.7852160724961694,0.7852699567213416,0.7854960417375433,0.7852160724961694,mnist,0,DT,False,10
170,0.7919285714285714,0.788608055183708,0.7889946630594529,0.7895028284340182,0.788608055183708,mnist,1,DT,True,10
171,0.7919285714285714,0.788608055183708,0.7889946630594529,0.7895028284340182,0.788608055183708,mnist,1,DT,False,10
172,0.7906428571428571,0.7880523092080355,0.7879920602872025,0.7880983955905578,0.7880523092080355,mnist,2,DT,True,10
173,0.7906428571428571,0.7880523092080355,0.7879920602872025,0.7880983955905578,0.7880523092080355,mnist,2,DT,False,10
174,0.796,0.7926322515241484,0.7929364367560809,0.7933551825296827,0.7926322515241484,mnist,3,DT,True,10
175,0.796,0.7926322515241484,0.7929364367560809,0.7933551825296827,0.7926322515241484,mnist,3,DT,False,10
176,0.7943571428571429,0.7907169489554866,0.791136385996466,0.7918115565517159,0.7907169489554866,mnist,4,DT,True,10
177,0.7943571428571429,0.7907169489554866,0.791136385996466,0.7918115565517159,0.7907169489554866,mnist,4,DT,False,10
178,0.7924285714285715,0.7900368954457838,0.7902200049858304,0.7907199543011056,0.7900368954457838,mnist,5,DT,True,10
179,0.7874285714285715,0.784752694476433,0.7849507825202388,0.7853744765261281,0.784752694476433,mnist,5,DT,False,10
180,0.8424285714285714,0.8413048038844103,0.8413872044250688,0.8416192253380019,0.8413048038844103,mnist,0,DT,True,20
181,0.8426428571428571,0.8415107166383983,0.8415122151355992,0.8416223932960692,0.8415107166383983,mnist,0,DT,False,20
182,0.8477857142857143,0.8455811331747626,0.8456080769150548,0.845901920331974,0.8455811331747626,mnist,1,DT,True,20
183,0.8510714285714286,0.8489381486703442,0.8489626971096852,0.8491168029366003,0.8489381486703442,mnist,1,DT,False,20
184,0.8491428571428571,0.8471952165299339,0.8472927833848205,0.847477778367713,0.8471952165299339,mnist,2,DT,True,20
185,0.8491428571428571,0.8471952165299339,0.8472927833848205,0.847477778367713,0.8471952165299339,mnist,2,DT,False,20
186,0.845,0.8427513686302092,0.842761601412481,0.8429414085881148,0.8427513686302092,mnist,3,DT,True,20
187,0.845,0.8427513686302092,0.842761601412481,0.8429414085881148,0.8427513686302092,mnist,3,DT,False,20
188,0.8567857142857143,0.8544485320906672,0.854607652488631,0.8549080360911463,0.8544485320906672,mnist,4,DT,True,20
189,0.8551428571428571,0.852871729940458,0.8530388308777603,0.8533474327374906,0.852871729940458,mnist,4,DT,False,20
190,0.8477142857142858,0.8460016347059292,0.8460082978426714,0.8462709372747138,0.8460016347059292,mnist,5,DT,True,20
191,0.8477142857142858,0.8460016347059292,0.8460082978426714,0.8462709372747138,0.8460016347059292,mnist,5,DT,False,20
192,0.5869285714285715,0.5841614195231,0.5813899218467372,0.5809259110783012,0.5841614195231,mnist,0,RF,True,1
193,0.5960714285714286,0.5929479884278773,0.5900476901785666,0.5890102974697988,0.5929479884278773,mnist,0,RF,False,1
194,0.5885,0.5828129736764859,0.5808912518540355,0.5808757117548001,0.5828129736764859,mnist,1,RF,True,1
195,0.5866428571428571,0.581163401439357,0.5791659944058327,0.5781915106236474,0.581163401439357,mnist,1,RF,False,1
196,0.5952142857142857,0.5903399782540658,0.5877191688512898,0.5873663629108972,0.5903399782540658,mnist,2,RF,True,1
197,0.5952142857142857,0.5903399782540658,0.5877191688512898,0.5873663629108972,0.5903399782540658,mnist,2,RF,False,1
198,0.5938571428571429,0.5880106596268332,0.5866162620260151,0.5868751003672202,0.5880106596268332,mnist,3,RF,True,1
199,0.5938571428571429,0.5880106596268332,0.5866162620260151,0.5868751003672202,0.5880106596268332,mnist,3,RF,False,1
200,0.5996428571428571,0.593682737508174,0.5910702220907101,0.5911143038510192,0.593682737508174,mnist,4,RF,True,1
201,0.5996428571428571,0.593682737508174,0.5910702220907101,0.5911143038510192,0.593682737508174,mnist,4,RF,False,1
202,0.6013571428571428,0.5981451806135534,0.5946271444484503,0.5937553032134784,0.5981451806135534,mnist,5,RF,True,1
203,0.6125714285714285,0.6092860566041864,0.6054084374833146,0.6037551637712747,0.6092860566041864,mnist,5,RF,False,1
204,0.8385714285714285,0.8376697127108441,0.8369618119522965,0.8372480312580333,0.8376697127108441,mnist,0,RF,True,5
205,0.8322142857142857,0.8312888962287998,0.8305721145455577,0.8306845949070316,0.8312888962287998,mnist,0,RF,False,5
206,0.8471428571428572,0.844556292599519,0.8442058570200247,0.8443936570201194,0.844556292599519,mnist,1,RF,True,5
207,0.8444285714285714,0.8418072577419251,0.8413180199633509,0.8414838600427931,0.8418072577419251,mnist,1,RF,False,5
208,0.8372142857142857,0.8354242625088787,0.8347231776478978,0.8345916651596823,0.8354242625088787,mnist,2,RF,True,5
209,0.8391428571428572,0.8373476169917586,0.836683858287065,0.8364949533671286,0.8373476169917586,mnist,2,RF,False,5
210,0.8435,0.8409791994856886,0.8406046861245265,0.840764651502561,0.8409791994856886,mnist,3,RF,True,5
211,0.8432857142857143,0.8408207750902836,0.8405040805115617,0.8404928823014342,0.8408207750902836,mnist,3,RF,False,5
212,0.8491428571428571,0.8465589211061955,0.8462450535137362,0.8463580733011279,0.8465589211061955,mnist,4,RF,True,5
213,0.8473571428571428,0.8446737424053458,0.8442764305202981,0.8444572333150958,0.8446737424053458,mnist,4,RF,False,5
214,0.8457857142857143,0.8441853082678431,0.8436217522588019,0.8437054648460496,0.8441853082678431,mnist,5,RF,True,5
215,0.845,0.8434334252555804,0.8428142062027646,0.8427960784789897,0.8434334252555804,mnist,5,RF,False,5
216,0.8925714285714286,0.8918360619810505,0.8915612459192455,0.8918588913283164,0.8918360619810505,mnist,0,RF,True,10
217,0.8925714285714286,0.8918360619810505,0.8915612459192455,0.8918588913283164,0.8918360619810505,mnist,0,RF,False,10
218,0.8975714285714286,0.8957119846573584,0.8955639838548655,0.8956949945209558,0.8957119846573584,mnist,1,RF,True,10
219,0.8975714285714286,0.8957119846573584,0.8955639838548655,0.8956949945209558,0.8957119846573584,mnist,1,RF,False,10
220,0.8927857142857143,0.8913960880276033,0.8912112600121569,0.8915217966989728,0.8913960880276033,mnist,2,RF,True,10
221,0.8927857142857143,0.8913960880276033,0.8912112600121569,0.8915217966989728,0.8913960880276033,mnist,2,RF,False,10
222,0.8972857142857142,0.8955377197812968,0.8952091435671488,0.8953416022272378,0.8955377197812968,mnist,3,RF,True,10
223,0.8972857142857142,0.8955377197812968,0.8952091435671488,0.8953416022272378,0.8955377197812968,mnist,3,RF,False,10
224,0.9004285714285715,0.898411299675175,0.898266849063809,0.8984425861864926,0.898411299675175,mnist,4,RF,True,10
225,0.9004285714285715,0.898411299675175,0.898266849063809,0.8984425861864926,0.898411299675175,mnist,4,RF,False,10
226,0.9015,0.9000100352276693,0.8997335540733381,0.899799741828849,0.9000100352276693,mnist,5,RF,True,10
227,0.8976428571428572,0.8961415382752241,0.89582630039035,0.8958778829727544,0.8961415382752241,mnist,5,RF,False,10
228,0.9452857142857143,0.9451375797734365,0.9449912854511254,0.9449422963727608,0.9451375797734365,mnist,0,RF,True,20
229,0.9456428571428571,0.9455014954732809,0.94538117848607,0.945333629347042,0.9455014954732809,mnist,0,RF,False,20
230,0.9491428571428572,0.948528697412133,0.9484317640576311,0.9484283616454355,0.948528697412133,mnist,1,RF,True,20
231,0.9502857142857143,0.9497232979231829,0.9495848070431068,0.9495548481630662,0.9497232979231829,mnist,1,RF,False,20
232,0.9457142857142857,0.9453409617347159,0.9452410364029772,0.9452065159542805,0.9453409617347159,mnist,2,RF,True,20
233,0.9457142857142857,0.9453409617347159,0.9452410364029772,0.9452065159542805,0.9453409617347159,mnist,2,RF,False,20
234,0.9480714285714286,0.9474023000668359,0.9473273367282256,0.9473685850137267,0.9474023000668359,mnist,3,RF,True,20
235,0.9480714285714286,0.9474023000668359,0.9473273367282256,0.9473685850137267,0.9474023000668359,mnist,3,RF,False,20
236,0.9512142857142857,0.9504740049610122,0.950451623857792,0.9505055506884533,0.9504740049610122,mnist,4,RF,True,20
237,0.9508571428571428,0.9500917122337311,0.9500673175361001,0.9501138896935778,0.9500917122337311,mnist,4,RF,False,20
238,0.9493571428571429,0.9489317111021249,0.9488451551365203,0.9488436211242796,0.9489317111021249,mnist,5,RF,True,20
239,0.9493571428571429,0.9489317111021249,0.9488451551365203,0.9488436211242796,0.9489317111021249,mnist,5,RF,False,20
240,0.47691242036663056,0.11111635732906312,0.1041877909400917,0.10265895973116557,0.11111635732906312,poker,0,KNN,True,1
241,0.48310260387703535,0.1111288416473149,0.10057799873207979,0.10265412996437145,0.1111288416473149,poker,0,KNN,False,1
242,0.4456346767348611,0.09988018433255777,0.09039642101009442,0.09204694729630648,0.09988018433255777,poker,1,KNN,True,1
243,0.45298094652735094,0.10012575457852728,0.09372768623651592,0.09241525476284367,0.10012575457852728,poker,1,KNN,False,1
244,0.4594686881103599,0.10021834426847302,0.09556395218543387,0.09250224029052745,0.10021834426847302,poker,2,KNN,True,1
245,0.4902878996302475,0.10026837114143747,0.08569634572839192,0.0926683198261545,0.10026837114143747,poker,2,KNN,False,1
246,0.47193685915259365,0.10015836055409051,0.0957123189445084,0.09254727102830713,0.10015836055409051,poker,3,KNN,True,1
247,0.44310299411713056,0.09985543397786503,0.09672333573125566,0.09711140654531761,0.09985543397786503,poker,3,KNN,False,1
248,0.4764538882547487,0.10002175401720206,0.09374243261902218,0.09228865690480144,0.10002175401720206,poker,4,KNN,True,1
249,0.4755319460297948,0.0997994927316616,0.09347853992910429,0.09206700971989054,0.0997994927316616,poker,4,KNN,False,1
250,0.48204895561994515,0.0998617546834344,0.09037493439914954,0.09220044718307555,0.0998617546834344,poker,5,KNN,True,1
251,0.4592540560579897,0.10005805542151891,0.09547857256177837,0.09244712876442922,0.10005805542151891,poker,5,KNN,False,1
252,0.47691242036663056,0.11111635732906312,0.1041877909400917,0.10265895973116557,0.11111635732906312,poker,0,KNN,True,5
253,0.48310260387703535,0.1111288416473149,0.10057799873207979,0.10265412996437145,0.1111288416473149,poker,0,KNN,False,5
254,0.4456346767348611,0.09988018433255777,0.09039642101009442,0.09204694729630648,0.09988018433255777,poker,1,KNN,True,5
255,0.45298094652735094,0.10012575457852728,0.09372768623651592,0.09241525476284367,0.10012575457852728,poker,1,KNN,False,5
256,0.4594686881103599,0.10021834426847302,0.09556395218543387,0.09250224029052745,0.10021834426847302,poker,2,KNN,True,5
257,0.4902878996302475,0.10026837114143747,0.08569634572839192,0.0926683198261545,0.10026837114143747,poker,2,KNN,False,5
258,0.47193685915259365,0.10015836055409051,0.0957123189445084,0.09254727102830713,0.10015836055409051,poker,3,KNN,True,5
259,0.44310299411713056,0.09985543397786503,0.09672333573125566,0.09711140654531761,0.09985543397786503,poker,3,KNN,False,5
260,0.4764538882547487,0.10002175401720206,0.09374243261902218,0.09228865690480144,0.10002175401720206,poker,4,KNN,True,5
261,0.4755319460297948,0.0997994927316616,0.09347853992910429,0.09206700971989054,0.0997994927316616,poker,4,KNN,False,5
262,0.48204895561994515,0.0998617546834344,0.09037493439914954,0.09220044718307555,0.0998617546834344,poker,5,KNN,True,5
263,0.4592540560579897,0.10005805542151891,0.09547857256177837,0.09244712876442922,0.10005805542151891,poker,5,KNN,False,5
264,0.47691242036663056,0.11111635732906312,0.1041877909400917,0.10265895973116557,0.11111635732906312,poker,0,KNN,True,10
265,0.48310260387703535,0.1111288416473149,0.10057799873207979,0.10265412996437145,0.1111288416473149,poker,0,KNN,False,10
266,0.4456346767348611,0.09988018433255777,0.09039642101009442,0.09204694729630648,0.09988018433255777,poker,1,KNN,True,10
267,0.45298094652735094,0.10012575457852728,0.09372768623651592,0.09241525476284367,0.10012575457852728,poker,1,KNN,False,10
268,0.4594686881103599,0.10021834426847302,0.09556395218543387,0.09250224029052745,0.10021834426847302,poker,2,KNN,True,10
269,0.4902878996302475,0.10026837114143747,0.08569634572839192,0.0926683198261545,0.10026837114143747,poker,2,KNN,False,10
270,0.47193685915259365,0.10015836055409051,0.0957123189445084,0.09254727102830713,0.10015836055409051,poker,3,KNN,True,10
271,0.44310299411713056,0.09985543397786503,0.09672333573125566,0.09711140654531761,0.09985543397786503,poker,3,KNN,False,10
272,0.4764538882547487,0.10002175401720206,0.09374243261902218,0.09228865690480144,0.10002175401720206,poker,4,KNN,True,10
273,0.4755319460297948,0.0997994927316616,0.09347853992910429,0.09206700971989054,0.0997994927316616,poker,4,KNN,False,10
274,0.48204895561994515,0.0998617546834344,0.09037493439914954,0.09220044718307555,0.0998617546834344,poker,5,KNN,True,10
275,0.4592540560579897,0.10005805542151891,0.09547857256177837,0.09244712876442922,0.10005805542151891,poker,5,KNN,False,10
276,0.5084243080555312,0.11935951516797434,0.11335639448698903,0.11051571550519962,0.11935951516797434,poker,0,KNN,True,20
277,0.4996878079238251,0.11812765496631489,0.1129986829615029,0.10912830694653702,0.11812765496631489,poker,0,KNN,False,20
278,0.4973268553477527,0.10622110242830973,0.10177093181209602,0.09801977713610208,0.10622110242830973,poker,1,KNN,True,20
279,0.4966634471858811,0.10599279708970047,0.10150659919767062,0.09781027394653019,0.10599279708970047,poker,1,KNN,False,20
280,0.505712139393762,0.10689102100864742,0.10149716101633528,0.09884291453599674,0.10689102100864742,poker,2,KNN,True,20
281,0.505712139393762,0.10689102100864742,0.10149716101633528,0.09884291453599674,0.10689102100864742,poker,2,KNN,False,20
282,0.5029902147296124,0.106660419836683,0.10185217950342636,0.09862333963996439,0.106660419836683,poker,3,KNN,True,20
283,0.5011365742773242,0.10941126170461464,0.10662732236090042,0.1143581394873793,0.10941126170461464,poker,3,KNN,False,20
284,0.4931268963229627,0.10766474940719332,0.10576931371404508,0.11543443135810705,0.10766474940719332,poker,4,KNN,True,20
285,0.4992292758119433,0.1062586859057866,0.10154317814303168,0.09807848485603829,0.1062586859057866,poker,4,KNN,False,20
286,0.5088340601555107,0.10707851690833106,0.10102970868456099,0.09927035711602702,0.10707851690833106,poker,5,KNN,True,20
287,0.4945317606657496,0.10870735656322073,0.10732027955962309,0.12385349201578544,0.10870735656322073,poker,5,KNN,False,20
288,0.5011121842713729,0.1111111111111111,0.074183838049032,0.05567913158570811,0.1111111111111111,poker,0,LR,True,1
289,0.5011121842713729,0.1111111111111111,0.074183838049032,0.05567913158570811,0.1111111111111111,poker,0,LR,False,1
290,0.5009268202261441,0.1,0.06674899981475042,0.05009268202261441,0.1,poker,1,LR,True,1
291,0.5009268202261441,0.1,0.06674899981475042,0.05009268202261441,0.1,poker,1,LR,False,1
292,0.5011121842713729,0.1,0.0667654542441288,0.0501112184271373,0.1,poker,2,LR,True,1
293,0.5011121842713729,0.1,0.0667654542441288,0.0501112184271373,0.1,poker,2,LR,False,1
294,0.5023121725641702,0.1,0.06687187679599452,0.050231217256417014,0.1,poker,3,LR,True,1
295,0.5023121725641702,0.1,0.06687187679599452,0.050231217256417014,0.1,poker,3,LR,False,1
296,0.5004487761095013,0.1,0.06670654594515515,0.05004487761095013,0.1,poker,4,LR,True,1
297,0.5004487761095013,0.1,0.06670654594515515,0.05004487761095013,0.1,poker,4,LR,False,1
298,0.5004243861035502,0.1,0.06670437920608603,0.050042438610355025,0.1,poker,5,LR,True,1
299,0.5004243861035502,0.1,0.06670437920608603,0.050042438610355025,0.1,poker,5,LR,False,1
300,0.5011121842713729,0.1111111111111111,0.074183838049032,0.05567913158570811,0.1111111111111111,poker,0,LR,True,5
301,0.5011121842713729,0.1111111111111111,0.074183838049032,0.05567913158570811,0.1111111111111111,poker,0,LR,False,5
302,0.5009268202261441,0.1,0.06674899981475042,0.05009268202261441,0.1,poker,1,LR,True,5
303,0.5009268202261441,0.1,0.06674899981475042,0.05009268202261441,0.1,poker,1,LR,False,5
304,0.5011121842713729,0.1,0.0667654542441288,0.0501112184271373,0.1,poker,2,LR,True,5
305,0.5011121842713729,0.1,0.0667654542441288,0.0501112184271373,0.1,poker,2,LR,False,5
306,0.5023121725641702,0.1,0.06687187679599452,0.050231217256417014,0.1,poker,3,LR,True,5
307,0.5023121725641702,0.1,0.06687187679599452,0.050231217256417014,0.1,poker,3,LR,False,5
308,0.5004487761095013,0.1,0.06670654594515515,0.05004487761095013,0.1,poker,4,LR,True,5
309,0.5004487761095013,0.1,0.06670654594515515,0.05004487761095013,0.1,poker,4,LR,False,5
310,0.5004243861035502,0.1,0.06670437920608603,0.050042438610355025,0.1,poker,5,LR,True,5
311,0.5004243861035502,0.1,0.06670437920608603,0.050042438610355025,0.1,poker,5,LR,False,5
312,0.5011121842713729,0.1111111111111111,0.074183838049032,0.05567913158570811,0.1111111111111111,poker,0,LR,True,10
313,0.5011121842713729,0.1111111111111111,0.074183838049032,0.05567913158570811,0.1111111111111111,poker,0,LR,False,10
314,0.5009268202261441,0.1,0.06674899981475042,0.05009268202261441,0.1,poker,1,LR,True,10
315,0.5009268202261441,0.1,0.06674899981475042,0.05009268202261441,0.1,poker,1,LR,False,10
316,0.5011121842713729,0.1,0.0667654542441288,0.0501112184271373,0.1,poker,2,LR,True,10
317,0.5011121842713729,0.1,0.0667654542441288,0.0501112184271373,0.1,poker,2,LR,False,10
318,0.5023121725641702,0.1,0.06687187679599452,0.050231217256417014,0.1,poker,3,LR,True,10
319,0.5023121725641702,0.1,0.06687187679599452,0.050231217256417014,0.1,poker,3,LR,False,10
320,0.5004487761095013,0.1,0.06670654594515515,0.05004487761095013,0.1,poker,4,LR,True,10
321,0.5004487761095013,0.1,0.06670654594515515,0.05004487761095013,0.1,poker,4,LR,False,10
322,0.5004243861035502,0.1,0.06670437920608603,0.050042438610355025,0.1,poker,5,LR,True,10
323,0.5004243861035502,0.1,0.06670437920608603,0.050042438610355025,0.1,poker,5,LR,False,10
324,0.5011121842713729,0.1111111111111111,0.074183838049032,0.05567913158570811,0.1111111111111111,poker,0,LR,True,20
325,0.5011121842713729,0.1111111111111111,0.074183838049032,0.05567913158570811,0.1111111111111111,poker,0,LR,False,20
326,0.5009268202261441,0.1,0.06674899981475042,0.05009268202261441,0.1,poker,1,LR,True,20
327,0.5009268202261441,0.1,0.06674899981475042,0.05009268202261441,0.1,poker,1,LR,False,20
328,0.5011121842713729,0.1,0.0667654542441288,0.0501112184271373,0.1,poker,2,LR,True,20
329,0.5011121842713729,0.1,0.0667654542441288,0.0501112184271373,0.1,poker,2,LR,False,20
330,0.5023121725641702,0.1,0.06687187679599452,0.050231217256417014,0.1,poker,3,LR,True,20
331,0.5023121725641702,0.1,0.06687187679599452,0.050231217256417014,0.1,poker,3,LR,False,20
332,0.5004487761095013,0.1,0.06670654594515515,0.05004487761095013,0.1,poker,4,LR,True,20
333,0.5004487761095013,0.1,0.06670654594515515,0.05004487761095013,0.1,poker,4,LR,False,20
334,0.5004243861035502,0.1,0.06670437920608603,0.050042438610355025,0.1,poker,5,LR,True,20
335,0.5004243861035502,0.1,0.06670437920608603,0.050042438610355025,0.1,poker,5,LR,False,20
336,0.5011121842713729,0.1111111111111111,0.074183838049032,0.05567913158570811,0.1111111111111111,poker,0,NB,True,1
337,0.5011121842713729,0.1111111111111111,0.074183838049032,0.05567913158570811,0.1111111111111111,poker,0,NB,False,1
338,0.5009268202261441,0.1,0.06674899981475042,0.05009268202261441,0.1,poker,1,NB,True,1
339,0.5009268202261441,0.1,0.06674899981475042,0.05009268202261441,0.1,poker,1,NB,False,1
340,0.5011121842713729,0.1,0.0667654542441288,0.0501112184271373,0.1,poker,2,NB,True,1
341,0.5011121842713729,0.1,0.0667654542441288,0.0501112184271373,0.1,poker,2,NB,False,1
342,0.5023121725641702,0.1,0.06687187679599452,0.050231217256417014,0.1,poker,3,NB,True,1
343,0.5023121725641702,0.1,0.06687187679599452,0.050231217256417014,0.1,poker,3,NB,False,1
344,0.5004487761095013,0.1,0.06670654594515515,0.05004487761095013,0.1,poker,4,NB,True,1
345,0.5004487761095013,0.1,0.06670654594515515,0.05004487761095013,0.1,poker,4,NB,False,1
346,0.5004243861035502,0.1,0.06670437920608603,0.050042438610355025,0.1,poker,5,NB,True,1
347,0.5004243861035502,0.1,0.06670437920608603,0.050042438610355025,0.1,poker,5,NB,False,1
348,0.5011121842713729,0.1111111111111111,0.074183838049032,0.05567913158570811,0.1111111111111111,poker,0,NB,True,5
349,0.5011121842713729,0.1111111111111111,0.074183838049032,0.05567913158570811,0.1111111111111111,poker,0,NB,False,5
350,0.5009268202261441,0.1,0.06674899981475042,0.05009268202261441,0.1,poker,1,NB,True,5
351,0.5009268202261441,0.1,0.06674899981475042,0.05009268202261441,0.1,poker,1,NB,False,5
352,0.5011121842713729,0.1,0.0667654542441288,0.0501112184271373,0.1,poker,2,NB,True,5
353,0.5011121842713729,0.1,0.0667654542441288,0.0501112184271373,0.1,poker,2,NB,False,5
354,0.5023121725641702,0.1,0.06687187679599452,0.050231217256417014,0.1,poker,3,NB,True,5
355,0.5023121725641702,0.1,0.06687187679599452,0.050231217256417014,0.1,poker,3,NB,False,5
356,0.5004487761095013,0.1,0.06670654594515515,0.05004487761095013,0.1,poker,4,NB,True,5
357,0.5004487761095013,0.1,0.06670654594515515,0.05004487761095013,0.1,poker,4,NB,False,5
358,0.5004243861035502,0.1,0.06670437920608603,0.050042438610355025,0.1,poker,5,NB,True,5
359,0.5004243861035502,0.1,0.06670437920608603,0.050042438610355025,0.1,poker,5,NB,False,5
360,0.5011121842713729,0.1111111111111111,0.074183838049032,0.05567913158570811,0.1111111111111111,poker,0,NB,True,10
361,0.5011121842713729,0.1111111111111111,0.074183838049032,0.05567913158570811,0.1111111111111111,poker,0,NB,False,10
362,0.5009268202261441,0.1,0.06674899981475042,0.05009268202261441,0.1,poker,1,NB,True,10
363,0.5009268202261441,0.1,0.06674899981475042,0.05009268202261441,0.1,poker,1,NB,False,10
364,0.5011121842713729,0.1,0.0667654542441288,0.0501112184271373,0.1,poker,2,NB,True,10
365,0.5011121842713729,0.1,0.0667654542441288,0.0501112184271373,0.1,poker,2,NB,False,10
366,0.5023121725641702,0.1,0.06687187679599452,0.050231217256417014,0.1,poker,3,NB,True,10
367,0.5023121725641702,0.1,0.06687187679599452,0.050231217256417014,0.1,poker,3,NB,False,10
368,0.5004487761095013,0.1,0.06670654594515515,0.05004487761095013,0.1,poker,4,NB,True,10
369,0.5004487761095013,0.1,0.06670654594515515,0.05004487761095013,0.1,poker,4,NB,False,10
370,0.5004243861035502,0.1,0.06670437920608603,0.050042438610355025,0.1,poker,5,NB,True,10
371,0.5004243861035502,0.1,0.06670437920608603,0.050042438610355025,0.1,poker,5,NB,False,10
372,0.5011121842713729,0.1111111111111111,0.074183838049032,0.05567913158570811,0.1111111111111111,poker,0,NB,True,20
373,0.5011121842713729,0.1111111111111111,0.074183838049032,0.05567913158570811,0.1111111111111111,poker,0,NB,False,20
374,0.5009268202261441,0.1,0.06674899981475042,0.05009268202261441,0.1,poker,1,NB,True,20
375,0.5009268202261441,0.1,0.06674899981475042,0.05009268202261441,0.1,poker,1,NB,False,20
376,0.5011121842713729,0.1,0.0667654542441288,0.0501112184271373,0.1,poker,2,NB,True,20
377,0.5011121842713729,0.1,0.0667654542441288,0.0501112184271373,0.1,poker,2,NB,False,20
378,0.5023121725641702,0.1,0.06687187679599452,0.050231217256417014,0.1,poker,3,NB,True,20
379,0.5023121725641702,0.1,0.06687187679599452,0.050231217256417014,0.1,poker,3,NB,False,20
380,0.5004487761095013,0.1,0.06670654594515515,0.05004487761095013,0.1,poker,4,NB,True,20
381,0.5004487761095013,0.1,0.06670654594515515,0.05004487761095013,0.1,poker,4,NB,False,20
382,0.5004243861035502,0.1,0.06670437920608603,0.050042438610355025,0.1,poker,5,NB,True,20
383,0.5004243861035502,0.1,0.06670437920608603,0.050042438610355025,0.1,poker,5,NB,False,20
384,0.5011121842713729,0.1111111111111111,0.074183838049032,0.05567913158570811,0.1111111111111111,poker,0,DT,True,1
385,0.5011121842713729,0.1111111111111111,0.074183838049032,0.05567913158570811,0.1111111111111111,poker,0,DT,False,1
386,0.5009268202261441,0.1,0.06674899981475042,0.05009268202261441,0.1,poker,1,DT,True,1
387,0.5009268202261441,0.1,0.06674899981475042,0.05009268202261441,0.1,poker,1,DT,False,1
388,0.5011121842713729,0.1,0.0667654542441288,0.0501112184271373,0.1,poker,2,DT,True,1
389,0.5011121842713729,0.1,0.0667654542441288,0.0501112184271373,0.1,poker,2,DT,False,1
390,0.5023121725641702,0.1,0.06687187679599452,0.050231217256417014,0.1,poker,3,DT,True,1
391,0.5023121725641702,0.1,0.06687187679599452,0.050231217256417014,0.1,poker,3,DT,False,1
392,0.5004487761095013,0.1,0.06670654594515515,0.05004487761095013,0.1,poker,4,DT,True,1
393,0.5004487761095013,0.1,0.06670654594515515,0.05004487761095013,0.1,poker,4,DT,False,1
394,0.5004243861035502,0.1,0.06670437920608603,0.050042438610355025,0.1,poker,5,DT,True,1
395,0.5004243861035502,0.1,0.06670437920608603,0.050042438610355025,0.1,poker,5,DT,False,1
396,0.5011121842713729,0.1111111111111111,0.074183838049032,0.05567913158570811,0.1111111111111111,poker,0,DT,True,5
397,0.5011121842713729,0.1111111111111111,0.074183838049032,0.05567913158570811,0.1111111111111111,poker,0,DT,False,5
398,0.5009268202261441,0.1,0.06674899981475042,0.05009268202261441,0.1,poker,1,DT,True,5
399,0.5009268202261441,0.1,0.06674899981475042,0.05009268202261441,0.1,poker,1,DT,False,5
400,0.5011121842713729,0.1,0.0667654542441288,0.0501112184271373,0.1,poker,2,DT,True,5
401,0.5011121842713729,0.1,0.0667654542441288,0.0501112184271373,0.1,poker,2,DT,False,5
402,0.5023121725641702,0.1,0.06687187679599452,0.050231217256417014,0.1,poker,3,DT,True,5
403,0.5023121725641702,0.1,0.06687187679599452,0.050231217256417014,0.1,poker,3,DT,False,5
404,0.5004487761095013,0.1,0.06670654594515515,0.05004487761095013,0.1,poker,4,DT,True,5
405,0.5004487761095013,0.1,0.06670654594515515,0.05004487761095013,0.1,poker,4,DT,False,5
406,0.5004243861035502,0.1,0.06670437920608603,0.050042438610355025,0.1,poker,5,DT,True,5
407,0.5004243861035502,0.1,0.06670437920608603,0.050042438610355025,0.1,poker,5,DT,False,5
408,0.5011121842713729,0.1111111111111111,0.074183838049032,0.05567913158570811,0.1111111111111111,poker,0,DT,True,10
409,0.5011121842713729,0.1111111111111111,0.074183838049032,0.05567913158570811,0.1111111111111111,poker,0,DT,False,10
410,0.5009268202261441,0.1,0.06674899981475042,0.05009268202261441,0.1,poker,1,DT,True,10
411,0.5009268202261441,0.1,0.06674899981475042,0.05009268202261441,0.1,poker,1,DT,False,10
412,0.5011121842713729,0.1,0.0667654542441288,0.0501112184271373,0.1,poker,2,DT,True,10
413,0.5011121842713729,0.1,0.0667654542441288,0.0501112184271373,0.1,poker,2,DT,False,10
414,0.5023121725641702,0.1,0.06687187679599452,0.050231217256417014,0.1,poker,3,DT,True,10
415,0.5023121725641702,0.1,0.06687187679599452,0.050231217256417014,0.1,poker,3,DT,False,10
416,0.5004487761095013,0.1,0.06670654594515515,0.05004487761095013,0.1,poker,4,DT,True,10
417,0.5004487761095013,0.1,0.06670654594515515,0.05004487761095013,0.1,poker,4,DT,False,10
418,0.5004243861035502,0.1,0.06670437920608603,0.050042438610355025,0.1,poker,5,DT,True,10
419,0.5004243861035502,0.1,0.06670437920608603,0.050042438610355025,0.1,poker,5,DT,False,10
420,0.5439556687251832,0.12237756407049519,0.09699521699109066,0.13940636226110786,0.12237756407049519,poker,0,DT,True,20
421,0.5434776246085404,0.12225185390426274,0.09676535669443666,0.1394491245643003,0.12225185390426274,poker,0,DT,False,20
422,0.5432142125442678,0.11002184945838775,0.08706750704326156,0.12466562485826468,0.11002184945838775,poker,1,DT,True,20
423,0.5434190885942576,0.11007040381036057,0.08715603887693633,0.1246752082373376,0.11007040381036057,poker,1,DT,False,20
424,0.5436288426454376,0.11007338919387459,0.08717775489265862,0.12482533552124284,0.11007338919387459,poker,2,DT,True,20
425,0.5436288426454376,0.11007338919387459,0.08717775489265862,0.12482533552124284,0.11007338919387459,poker,2,DT,False,20
426,0.5450776089989366,0.11014182592198418,0.08740172147011634,0.1256259348543375,0.11014182592198418,poker,3,DT,True,20
427,0.544497126857299,0.11000416454583314,0.08715498561407095,0.12516992330167726,0.11000416454583314,poker,3,DT,False,20
428,0.5434190885942576,0.11017440517440517,0.08729672611158959,0.12546167369492306,0.11017440517440517,poker,4,DT,True,20
429,0.5423459283324065,0.10992030492030491,0.08684152333024164,0.12458386194875315,0.10992030492030491,poker,4,DT,False,20
430,0.5432532365537898,0.1101108974285155,0.08718329890027172,0.12586949832001054,0.1101108974285155,poker,5,DT,True,20
431,0.5424678783621624,0.10992549258956437,0.08685337377164508,0.12496172779586567,0.10992549258956437,poker,5,DT,False,20
432,0.5011121842713729,0.1111111111111111,0.074183838049032,0.05567913158570811,0.1111111111111111,poker,0,RF,True,1
433,0.5011121842713729,0.1111111111111111,0.074183838049032,0.05567913158570811,0.1111111111111111,poker,0,RF,False,1
434,0.5009268202261441,0.1,0.06674899981475042,0.05009268202261441,0.1,poker,1,RF,True,1
435,0.5009268202261441,0.1,0.06674899981475042,0.05009268202261441,0.1,poker,1,RF,False,1
436,0.5011121842713729,0.1,0.0667654542441288,0.0501112184271373,0.1,poker,2,RF,True,1
437,0.5011121842713729,0.1,0.0667654542441288,0.0501112184271373,0.1,poker,2,RF,False,1
438,0.5023121725641702,0.1,0.06687187679599452,0.050231217256417014,0.1,poker,3,RF,True,1
439,0.5023121725641702,0.1,0.06687187679599452,0.050231217256417014,0.1,poker,3,RF,False,1
440,0.5004487761095013,0.1,0.06670654594515515,0.05004487761095013,0.1,poker,4,RF,True,1
441,0.5004487761095013,0.1,0.06670654594515515,0.05004487761095013,0.1,poker,4,RF,False,1
442,0.5004243861035502,0.1,0.06670437920608603,0.050042438610355025,0.1,poker,5,RF,True,1
443,0.5004243861035502,0.1,0.06670437920608603,0.050042438610355025,0.1,poker,5,RF,False,1
444,0.5011121842713729,0.1111111111111111,0.074183838049032,0.05567913158570811,0.1111111111111111,poker,0,RF,True,5
445,0.5011121842713729,0.1111111111111111,0.074183838049032,0.05567913158570811,0.1111111111111111,poker,0,RF,False,5
446,0.5009268202261441,0.1,0.06674899981475042,0.05009268202261441,0.1,poker,1,RF,True,5
447,0.5009268202261441,0.1,0.06674899981475042,0.05009268202261441,0.1,poker,1,RF,False,5
448,0.5011121842713729,0.1,0.0667654542441288,0.0501112184271373,0.1,poker,2,RF,True,5
449,0.5011121842713729,0.1,0.0667654542441288,0.0501112184271373,0.1,poker,2,RF,False,5
450,0.5023121725641702,0.1,0.06687187679599452,0.050231217256417014,0.1,poker,3,RF,True,5
451,0.5023121725641702,0.1,0.06687187679599452,0.050231217256417014,0.1,poker,3,RF,False,5
452,0.5004487761095013,0.1,0.06670654594515515,0.05004487761095013,0.1,poker,4,RF,True,5
453,0.5004487761095013,0.1,0.06670654594515515,0.05004487761095013,0.1,poker,4,RF,False,5
454,0.5004243861035502,0.1,0.06670437920608603,0.050042438610355025,0.1,poker,5,RF,True,5
455,0.5004243861035502,0.1,0.06670437920608603,0.050042438610355025,0.1,poker,5,RF,False,5
456,0.5011121842713729,0.1111111111111111,0.074183838049032,0.05567913158570811,0.1111111111111111,poker,0,RF,True,10
457,0.5011121842713729,0.1111111111111111,0.074183838049032,0.05567913158570811,0.1111111111111111,poker,0,RF,False,10
458,0.5009268202261441,0.1,0.06674899981475042,0.05009268202261441,0.1,poker,1,RF,True,10
459,0.5009268202261441,0.1,0.06674899981475042,0.05009268202261441,0.1,poker,1,RF,False,10
460,0.5011121842713729,0.1,0.0667654542441288,0.0501112184271373,0.1,poker,2,RF,True,10
461,0.5011121842713729,0.1,0.0667654542441288,0.0501112184271373,0.1,poker,2,RF,False,10
462,0.5023121725641702,0.1,0.06687187679599452,0.050231217256417014,0.1,poker,3,RF,True,10
463,0.5023121725641702,0.1,0.06687187679599452,0.050231217256417014,0.1,poker,3,RF,False,10
464,0.5004487761095013,0.1,0.06670654594515515,0.05004487761095013,0.1,poker,4,RF,True,10
465,0.5004487761095013,0.1,0.06670654594515515,0.05004487761095013,0.1,poker,4,RF,False,10
466,0.5004243861035502,0.1,0.06670437920608603,0.050042438610355025,0.1,poker,5,RF,True,10
467,0.5004243861035502,0.1,0.06670437920608603,0.050042438610355025,0.1,poker,5,RF,False,10
468,0.5439556687251832,0.12237756407049519,0.09699521699109066,0.13940636226110786,0.12237756407049519,poker,0,RF,True,20
469,0.5434776246085404,0.12225185390426274,0.09676535669443666,0.1394491245643003,0.12225185390426274,poker,0,RF,False,20
470,0.5432142125442678,0.11002184945838775,0.08706750704326156,0.12466562485826468,0.11002184945838775,poker,1,RF,True,20
471,0.5434190885942576,0.11007040381036057,0.08715603887693633,0.1246752082373376,0.11007040381036057,poker,1,RF,False,20
472,0.5436288426454376,0.11007338919387459,0.08717775489265862,0.12482533552124284,0.11007338919387459,poker,2,RF,True,20
473,0.5436288426454376,0.11007338919387459,0.08717775489265862,0.12482533552124284,0.11007338919387459,poker,2,RF,False,20
474,0.5450776089989366,0.11014182592198418,0.08740172147011634,0.1256259348543375,0.11014182592198418,poker,3,RF,True,20
475,0.544497126857299,0.11000416454583314,0.08715498561407095,0.12516992330167726,0.11000416454583314,poker,3,RF,False,20
476,0.5434190885942576,0.11017440517440517,0.08729672611158959,0.12546167369492306,0.11017440517440517,poker,4,RF,True,20
477,0.5423459283324065,0.10992030492030491,0.08684152333024164,0.12458386194875315,0.10992030492030491,poker,4,RF,False,20
478,0.5432532365537898,0.1101108974285155,0.08718329890027172,0.12586949832001054,0.1101108974285155,poker,5,RF,True,20
479,0.5424678783621624,0.10992549258956437,0.08685337377164508,0.12496172779586567,0.10992549258956437,poker,5,RF,False,20
